"timestamp","elapsed_seconds","application","running","root_pids","process_count","cpu_percent","working_set_mb","private_memory_mb","thread_count","handle_count","gpu_sum_percent","gpu_max_engine_percent","gpu_memory_mb"
"2026-08-06T20:33:10.3456251+02:00","5,477","LMU Overlay","True","8524","7",,"420,62","212,09","211","3407","0","0","28,12"
"2026-08-06T20:33:10.3671789+02:00","5,495","TinyPedal","False","","0",,"0","0","0","0","0","0","0"
"2026-08-06T20:33:10.7582918+02:00","5,887","LMU Overlay","True","8524","7","0,223","420,27","211,92","211","3407","0","0","28,12"
"2026-08-06T20:33:10.7683350+02:00","5,896","TinyPedal","True","22732","1","12,07","93,98","51,21","31","549","0","0","0"
"2026-08-06T20:33:11.7359924+02:00","6,864","LMU Overlay","True","8524","7","0,1","420,55","212,11","212","3409","0","0","28,12"
"2026-08-06T20:33:11.7455365+02:00","6,873","TinyPedal","True","22732","1","0,1","93,98","51,21","31","549","0","0","0"
"2026-08-06T20:33:12.7690185+02:00","7,897","LMU Overlay","True","8524","7","0,284","420,02","211,57","212","3409","0","0","28,12"
"2026-08-06T20:33:12.7758080+02:00","7,903","TinyPedal","True","22732","1","0,095","93,98","51,21","31","549","0","0","0"
"2026-08-06T20:33:13.7638792+02:00","8,892","LMU Overlay","True","8524","7","0,098","420,03","211,58","212","3409","0","0","28,12"
"2026-08-06T20:33:13.7714074+02:00","8,899","TinyPedal","True","22732","1","0,883","93,98","51,21","31","549","0","0","0"
"2026-08-06T20:33:14.7643874+02:00","9,893","LMU Overlay","True","8524","7","0,196","420,09","211,63","212","3409","0","0","28,12"
"2026-08-06T20:33:14.7747671+02:00","9,903","TinyPedal","True","22732","1","0,097","94,01","51,23","32","551","0","0","0"
"2026-08-06T20:33:15.7616047+02:00","10,889","LMU Overlay","True","8524","7","0,097","420,04","206,71","212","3409","0","0","28,12"
"2026-08-06T20:33:15.7691333+02:00","10,897","TinyPedal","True","22732","1","0","94","51,21","31","550","0","0","0"
"2026-08-06T20:33:16.7848597+02:00","11,912","LMU Overlay","True","8524","7","0,381","420,03","206,7","212","3409","0","0","28,12"
"2026-08-06T20:33:16.7923892+02:00","11,92","TinyPedal","True","22732","1","0,382","94","51,21","31","550","0","0","0"
"2026-08-06T20:33:17.7746267+02:00","12,903","LMU Overlay","True","8524","7","0,592","423,77","209,99","212","3470","0","0","28,12"
"2026-08-06T20:33:17.7856651+02:00","12,913","TinyPedal","True","22732","1","0,296","94","51,21","31","550","0","0","0"
"2026-08-06T20:33:18.8462484+02:00","13,975","LMU Overlay","True","8524","8","3,573","510,22","388,35","232","3863","4","4","164,8"
"2026-08-06T20:33:18.8584207+02:00","13,986","TinyPedal","True","22732","1","0,091","94,7","51,41","31","558","0","0","0"
"2026-08-06T20:33:19.8047603+02:00","14,933","LMU Overlay","True","8524","8","5,061","512,25","389,45","233","3861","4","4","147,55"
"2026-08-06T20:33:19.8133616+02:00","14,941","TinyPedal","True","22732","1","0","94,7","51,41","31","558","0","0","0"
"2026-08-06T20:33:20.8221918+02:00","15,95","LMU Overlay","True","8524","8","4,351","513,65","390,35","233","3861","4","4","144,89"
"2026-08-06T20:33:20.8357642+02:00","15,965","TinyPedal","True","22732","1","0","94,7","51,41","31","558","0","0","0"
"2026-08-06T20:33:21.8205141+02:00","16,948","LMU Overlay","True","8524","8","4,085","514,22","391,99","233","3859","4","4","144,27"
"2026-08-06T20:33:21.8280457+02:00","16,956","TinyPedal","True","22732","1","0,785","94,7","51,41","31","558","0","0","0"
"2026-08-06T20:33:22.8295901+02:00","17,957","LMU Overlay","True","8524","8","4,275","518,6","395,57","233","3859","4","4","143,7"
"2026-08-06T20:33:22.8371439+02:00","17,965","TinyPedal","True","22732","1","0","94,7","51,41","31","558","0","0","0"
"2026-08-06T20:33:23.8272611+02:00","18,955","LMU Overlay","True","8524","8","4,189","520,43","396,39","233","3859","4","4","124,61"
"2026-08-06T20:33:23.8373144+02:00","18,965","TinyPedal","True","22732","1","0,098","94,7","51,41","31","558","0","0","0"
"2026-08-06T20:33:24.8305960+02:00","19,959","LMU Overlay","True","8524","8","5,186","521,84","396,93","233","3859","4","4","123,57"
"2026-08-06T20:33:24.8406519+02:00","19,969","TinyPedal","True","22732","1","0,195","94,7","51,41","31","558","0","0","0"
"2026-08-06T20:33:25.8818876+02:00","21,01","LMU Overlay","True","8524","8","4,9","522,44","379,71","233","3860","4","4","122,05"
"2026-08-06T20:33:25.8916093+02:00","21,019","TinyPedal","True","22732","1","0,093","94,7","51,41","31","558","0","0","0"
"2026-08-06T20:33:26.8672704+02:00","21,995","LMU Overlay","True","8524","8","3,464","523,98","373,88","233","3862","4","4","123,4"
"2026-08-06T20:33:26.8764045+02:00","22,004","TinyPedal","True","22732","1","1,189","94,71","51,41","31","558","0","0","0"
"2026-08-06T20:33:27.8773365+02:00","23,006","LMU Overlay","True","8524","8","4,646","525,88","375,05","233","3860","4","4","125,05"
"2026-08-06T20:33:27.8888836+02:00","23,017","TinyPedal","True","22732","1","0","94,71","51,41","31","558","0","0","0"
"2026-08-06T20:33:28.8764769+02:00","24,004","LMU Overlay","True","8524","8","4,908","527,43","373,11","233","3860","4","4","123,3"
"2026-08-06T20:33:28.8840099+02:00","24,012","TinyPedal","True","22732","1","0,196","94,71","51,41","31","558","0","0","0"
"2026-08-06T20:33:29.8755982+02:00","25,003","LMU Overlay","True","8524","8","3,892","529,57","374,65","233","3860","4","4","123,84"
"2026-08-06T20:33:29.8837498+02:00","25,012","TinyPedal","True","22732","1","0","94,71","51,41","31","558","0","0","0"
"2026-08-06T20:33:30.8836487+02:00","26,011","LMU Overlay","True","8524","8","4,38","530,83","375,74","233","3859","3","3","122,99"
"2026-08-06T20:33:30.8928122+02:00","26,02","TinyPedal","True","22732","1","0,678","94,71","51,41","31","558","0","0","0"
"2026-08-06T20:33:31.8812539+02:00","27,009","LMU Overlay","True","8524","8","4,671","532,71","377,53","233","3860","3","3","123,56"
"2026-08-06T20:33:31.8887829+02:00","27,017","TinyPedal","True","22732","1","0,294","94,71","51,41","31","558","0","0","0"
"2026-08-06T20:33:32.9009460+02:00","28,029","LMU Overlay","True","8524","8","4,997","534,53","379,22","233","3862","3","3","121,36"
"2026-08-06T20:33:32.9090300+02:00","28,038","TinyPedal","True","22732","1","0","94,71","51,41","31","558","0","0","0"
"2026-08-06T20:33:33.9019493+02:00","29,031","LMU Overlay","True","8524","8","3,791","535,94","380,68","233","3860","4","4","123,87"
"2026-08-06T20:33:33.9115640+02:00","29,039","TinyPedal","True","22732","1","0","94,71","51,41","31","558","0","0","0"
"2026-08-06T20:33:34.9109814+02:00","30,039","LMU Overlay","True","8524","8","4,582","538,32","382,95","233","3860","4","4","123,02"
"2026-08-06T20:33:34.9210241+02:00","30,049","TinyPedal","True","22732","1","0,387","94,71","51,41","31","558","0","0","0"
"2026-08-06T20:33:35.9236514+02:00","31,051","LMU Overlay","True","8524","8","6,042","540,65","384,68","233","3860","4","4","123,98"
"2026-08-06T20:33:35.9323603+02:00","31,06","TinyPedal","True","22732","1","2,994","94,71","51,41","31","558","0","0","0"
"2026-08-06T20:33:36.9421375+02:00","32,07","LMU Overlay","True","8524","8","4,126","542,1","386,29","233","3860","3","3","123,77"
"2026-08-06T20:33:36.9597228+02:00","32,087","TinyPedal","True","22732","1","1,339","94,71","51,41","31","558","0","0","0"
"2026-08-06T20:33:37.9494458+02:00","33,078","LMU Overlay","True","8524","8","4,837","543,3","384,18","233","3860","4","4","124,57"
"2026-08-06T20:33:37.9575294+02:00","33,086","TinyPedal","True","22732","1","0,292","94,71","51,41","31","558","0","0","0"
"2026-08-06T20:33:38.9661098+02:00","34,094","LMU Overlay","True","8524","8","5,093","545,26","385,91","233","3860","4","4","122,53"
"2026-08-06T20:33:38.9796063+02:00","34,108","TinyPedal","True","22732","1","0,096","94,64","51,29","27","555","0","0","0"
"2026-08-06T20:33:39.9821842+02:00","35,11","LMU Overlay","True","8524","8","4,713","547,72","388,69","233","3860","3","3","124,2"
"2026-08-06T20:33:39.9900195+02:00","35,118","TinyPedal","True","22732","1","0","94,41","51,21","26","547","0","0","0"
"2026-08-06T20:33:40.9797015+02:00","36,108","LMU Overlay","True","8524","8","4,993","551,68","390,96","231","3860","4","4","123,45"
"2026-08-06T20:33:40.9887651+02:00","36,116","TinyPedal","True","22732","1","0","94,41","51,21","26","547","0","0","0"
"2026-08-06T20:33:41.9967989+02:00","37,125","LMU Overlay","True","8524","8","5,563","553,38","391,81","233","3860","4","4","123,13"
"2026-08-06T20:33:42.0049157+02:00","37,133","TinyPedal","True","22732","1","0","94,41","51,21","26","547","0","0","0"
"2026-08-06T20:33:42.9988863+02:00","38,126","LMU Overlay","True","8524","8","4,974","555,21","393,37","233","3862","3","3","124,33"
"2026-08-06T20:33:43.0070277+02:00","38,135","TinyPedal","True","22732","1","0","94,41","51,21","26","547","0","0","0"
"2026-08-06T20:33:44.0057961+02:00","39,133","LMU Overlay","True","8524","8","4,755","556,38","394,47","233","3860","4","4","124,47"
"2026-08-06T20:33:44.0143705+02:00","39,142","TinyPedal","True","22732","1","0,776","94,41","51,21","26","547","0","0","0"
"2026-08-06T20:33:44.9932110+02:00","40,121","LMU Overlay","True","8524","8","5,043","559,35","397,07","233","3863","4","4","123,22"
"2026-08-06T20:33:45.0032482+02:00","40,131","TinyPedal","True","22732","1","0,494","94,41","51,21","26","547","0","0","0"
"2026-08-06T20:33:46.0162559+02:00","41,144","LMU Overlay","True","8524","8","4,294","562,99","397,11","243","3890","4","4","122,83"
"2026-08-06T20:33:46.0247907+02:00","41,153","TinyPedal","True","22732","1","0","94,41","51,21","26","548","0","0","0"
"2026-08-06T20:33:47.0111760+02:00","42,139","LMU Overlay","True","8524","8","4,318","565,39","397,23","243","3890","3","3","122,66"
"2026-08-06T20:33:47.0192639+02:00","42,147","TinyPedal","True","22732","1","0","94,41","51,21","26","547","0","0","0"
"2026-08-06T20:33:48.0373981+02:00","43,166","LMU Overlay","True","8524","8","3,95","567,4","397,1","245","3890","4","4","123,89"
"2026-08-06T20:33:48.0469246+02:00","43,175","TinyPedal","True","22732","1","0","94,41","51,21","26","547","0","0","0"
"2026-08-06T20:33:49.0298477+02:00","44,157","LMU Overlay","True","8524","8","4,08","569,45","396,86","245","3892","3","3","124,64"
"2026-08-06T20:33:49.0373851+02:00","44,165","TinyPedal","True","22732","1","0,099","94,41","51,21","26","547","0","0","0"
"2026-08-06T20:33:50.0364670+02:00","45,164","LMU Overlay","True","8524","8","3,708","569,34","396,62","245","3894","3","3","122,94"
"2026-08-06T20:33:50.0460327+02:00","45,173","TinyPedal","True","22732","1","1,647","94,41","51,21","26","547","0","0","0"
"2026-08-06T20:33:51.0491940+02:00","46,177","LMU Overlay","True","8524","8","3,549","569,74","396,91","245","3894","3","3","122,9"
"2026-08-06T20:33:51.0582262+02:00","46,186","TinyPedal","True","22732","1","1,156","94,41","51,21","26","547","0","0","0"
"2026-08-06T20:33:52.0607207+02:00","47,188","LMU Overlay","True","8524","8","3,973","570,87","397,71","245","3892","3","3","124,56"
"2026-08-06T20:33:52.0707562+02:00","47,198","TinyPedal","True","22732","1","0","94,41","51,21","26","547","0","0","0"
"2026-08-06T20:33:53.0560582+02:00","48,183","LMU Overlay","True","8524","8","4,791","570,93","397,97","245","3894","4","4","122,59"
"2026-08-06T20:33:53.0636273+02:00","48,192","TinyPedal","True","22732","1","0","94,41","51,21","26","547","0","0","0"
"2026-08-06T20:33:54.0687867+02:00","49,197","LMU Overlay","True","8524","8","4,725","571,2","397,77","245","3892","3","3","123,77"
"2026-08-06T20:33:54.0823448+02:00","49,21","TinyPedal","True","22732","1","0","94,41","51,21","26","546","0","0","0"
"2026-08-06T20:33:55.0736494+02:00","50,202","LMU Overlay","True","8524","8","4,954","571,45","397,86","245","3892","4","4","122,74"
"2026-08-06T20:33:55.0832386+02:00","50,211","TinyPedal","True","22732","1","0","94,41","51,21","26","547","0","0","0"
"2026-08-06T20:33:56.0814689+02:00","51,209","LMU Overlay","True","8524","8","5,231","571,79","398,07","245","3892","3","3","124,25"
"2026-08-06T20:33:56.0935415+02:00","51,222","TinyPedal","True","22732","1","0","94,41","51,21","26","547","0","0","0"
"2026-08-06T20:33:57.0873949+02:00","52,216","LMU Overlay","True","8524","8","5,054","571,81","398,29","245","3892","4","4","124,49"
"2026-08-06T20:33:57.0959574+02:00","52,224","TinyPedal","True","22732","1","0,777","94,41","51,21","26","547","0","0","0"
"2026-08-06T20:33:58.0926718+02:00","53,22","LMU Overlay","True","8524","8","4,181","571,6","397,95","245","3892","3","3","123,88"
"2026-08-06T20:33:58.1012393+02:00","53,229","TinyPedal","True","22732","1","0","94,41","51,21","26","547","0","0","0"
"2026-08-06T20:33:59.1173030+02:00","54,245","LMU Overlay","True","8524","8","4,668","571,98","398,02","245","3894","3","3","124,49"
"2026-08-06T20:33:59.1263416+02:00","54,254","TinyPedal","True","22732","1","0,381","94,41","51,21","26","547","0","0","0"
"2026-08-06T20:34:00.1328045+02:00","55,26","LMU Overlay","True","8524","8","4,712","573,25","399,27","245","3892","4","4","124,73"
"2026-08-06T20:34:00.1418781+02:00","55,269","TinyPedal","True","22732","1","0,673","94,41","51,21","26","548","0","0","0"
"2026-08-06T20:34:01.1283977+02:00","56,257","LMU Overlay","True","8524","8","4,601","573,55","399,62","245","3892","4","4","124,7"
"2026-08-06T20:34:01.1359960+02:00","56,265","TinyPedal","True","22732","1","0","94,41","51,21","26","547","0","0","0"
"2026-08-06T20:34:02.1311123+02:00","57,259","LMU Overlay","True","8524","8","4,779","573,65","400,05","245","3892","4","4","125,61"
"2026-08-06T20:34:02.1386601+02:00","57,267","TinyPedal","True","22732","1","0","94,41","51,21","26","547","0","0","0"
"2026-08-06T20:34:03.1473058+02:00","58,275","LMU Overlay","True","8524","8","4,705","574,51","400,83","245","3893","4","4","125,41"
"2026-08-06T20:34:03.1548431+02:00","58,283","TinyPedal","True","22732","1","0","94,41","51,21","26","547","0","0","0"
"2026-08-06T20:34:04.1426147+02:00","59,27","LMU Overlay","True","8524","8","4,222","574,53","400,84","245","3892","4","4","125,44"
"2026-08-06T20:34:04.1506956+02:00","59,279","TinyPedal","True","22732","1","0,589","94,41","51,21","26","547","0","0","0"
"2026-08-06T20:34:05.1406209+02:00","60,268","LMU Overlay","True","8524","8","3,736","574,46","400,7","245","3892","3","3","124,77"
"2026-08-06T20:34:05.1491923+02:00","60,277","TinyPedal","True","22732","1","0,098","94,41","51,21","26","547","0","0","0"
"2026-08-06T20:34:06.1512461+02:00","61,279","LMU Overlay","True","8524","8","3,656","573,55","399,69","245","3891","4","4","124,87"
"2026-08-06T20:34:06.1593500+02:00","61,287","TinyPedal","True","22732","1","0","94,41","51,21","26","547","0","0","0"
"2026-08-06T20:34:07.1565133+02:00","62,285","LMU Overlay","True","8524","8","3,802","573,54","399,66","245","3891","4","4","122,8"
"2026-08-06T20:34:07.1661094+02:00","62,294","TinyPedal","True","22732","1","0,097","94,41","51,21","26","547","0","0","0"
"2026-08-06T20:34:08.1497637+02:00","63,278","LMU Overlay","True","8524","8","3,917","573,38","399,42","245","3892","4","4","123,82"
"2026-08-06T20:34:08.1572927+02:00","63,285","TinyPedal","True","22732","1","0","94,41","51,21","26","547","0","0","0"
"2026-08-06T20:34:09.1740697+02:00","64,302","LMU Overlay","True","8524","8","4,783","573,39","399,43","245","3892","3","3","124,57"
"2026-08-06T20:34:09.1827750+02:00","64,311","TinyPedal","True","22732","1","0,095","94,35","51,11","23","544","0","0","0"
"2026-08-06T20:34:10.1902214+02:00","65,318","LMU Overlay","True","8524","8","5,076","573,57","399,6","245","3892","3","3","123,34"
"2026-08-06T20:34:10.1977834+02:00","65,326","TinyPedal","True","22732","1","0,385","94,35","51,11","23","544","0","0","0"
"2026-08-06T20:34:11.1936404+02:00","66,322","LMU Overlay","True","8524","8","5,448","573,8","399,83","245","3894","3","3","124,52"
"2026-08-06T20:34:11.2077789+02:00","66,336","TinyPedal","True","22732","1","0","94,35","51,11","23","544","0","0","0"
"2026-08-06T20:34:12.2099985+02:00","67,338","LMU Overlay","True","8524","8","5,292","573,22","400,06","245","3893","4","4","124,66"
"2026-08-06T20:34:12.2185686+02:00","67,347","TinyPedal","True","22732","1","0","94,35","51,11","23","544","0","0","0"
"2026-08-06T20:34:13.2159787+02:00","68,344","LMU Overlay","True","8524","8","5,043","574,52","402,62","245","3893","4","4","123,66"
"2026-08-06T20:34:13.2270220+02:00","68,356","TinyPedal","True","22732","1","0,194","94,35","51,11","23","544","0","0","0"
"2026-08-06T20:34:14.2195716+02:00","69,347","LMU Overlay","True","8524","8","3,604","574,35","402,48","245","3892","3","3","123,53"
"2026-08-06T20:34:14.2276030+02:00","69,355","TinyPedal","True","22732","1","0,097","94,35","51,11","23","544","0","0","0"
"2026-08-06T20:34:15.2288080+02:00","70,356","LMU Overlay","True","8524","8","4,154","574,65","402,77","245","3892","3","3","125,29"
"2026-08-06T20:34:15.2363513+02:00","70,364","TinyPedal","True","22732","1","0","94,35","51,11","23","544","0","0","0"
"2026-08-06T20:34:16.2415835+02:00","71,369","LMU Overlay","True","8524","8","4,246","574,32","402,31","245","3892","3","3","123,3"
"2026-08-06T20:34:16.2491103+02:00","71,378","TinyPedal","True","22732","1","0,096","94,35","51,11","23","544","0","0","0"
"2026-08-06T20:34:17.2596046+02:00","72,387","LMU Overlay","True","8524","8","4,413","574,32","402,51","245","3892","4","4","123,7"
"2026-08-06T20:34:17.2669651+02:00","72,396","TinyPedal","True","22732","1","0","94,35","51,11","23","544","0","0","0"
"2026-08-06T20:34:18.2613457+02:00","73,39","LMU Overlay","True","8524","8","3,604","573,51","401,55","245","3892","4","4","123,25"
"2026-08-06T20:34:18.2710074+02:00","73,399","TinyPedal","True","22732","1","0","94,35","51,11","23","544","0","0","0"
"2026-08-06T20:34:19.2645823+02:00","74,392","LMU Overlay","True","8524","8","3,9","574,59","402,18","245","3892","3","3","125,2"
"2026-08-06T20:34:19.2734091+02:00","74,401","TinyPedal","True","22732","1","0,097","94,35","51,11","23","544","0","0","0"
"2026-08-06T20:34:20.2881524+02:00","75,416","LMU Overlay","True","8524","8","3,721","577,13","402,88","246","3900","4","4","123,58"
"2026-08-06T20:34:20.2961366+02:00","75,424","TinyPedal","True","22732","1","0","94,35","51,11","23","544","0","0","0"
"2026-08-06T20:34:21.2840649+02:00","76,412","LMU Overlay","True","8524","8","3,72","577,52","403,22","246","3898","3","3","125,2"
"2026-08-06T20:34:21.2936496+02:00","76,421","TinyPedal","True","22732","1","0,687","94,35","51,11","23","544","0","0","0"
"2026-08-06T20:34:22.3062728+02:00","77,435","LMU Overlay","True","8524","8","4,798","576,66","402,38","246","3898","3","3","124,9"
"2026-08-06T20:34:22.3160615+02:00","77,444","TinyPedal","True","22732","1","0","94,35","51,11","23","545","0","0","0"
"2026-08-06T20:34:23.3075147+02:00","78,435","LMU Overlay","True","8524","8","4,571","577,07","402,82","246","3898","3","3","125,03"
"2026-08-06T20:34:23.3145835+02:00","78,443","TinyPedal","True","22732","1","0","94,35","51,11","23","544","0","0","0"
"2026-08-06T20:34:24.3130401+02:00","79,441","LMU Overlay","True","8524","8","4,773","577,25","403","246","3898","3","3","122,49"
"2026-08-06T20:34:24.3211036+02:00","79,449","TinyPedal","True","22732","1","0","94,35","51,11","23","544","0","0","0"
"2026-08-06T20:34:25.3320190+02:00","80,46","LMU Overlay","True","8524","8","4,776","577,82","403,77","246","3899","3","3","124,1"
"2026-08-06T20:34:25.3415109+02:00","80,469","TinyPedal","True","22732","1","1,342","94,35","51,11","23","544","0","0","0"
"2026-08-06T20:34:26.3578167+02:00","81,485","LMU Overlay","True","8524","8","5,156","578,09","403,39","246","3900","4","4","122,35"
"2026-08-06T20:34:26.3668882+02:00","81,494","TinyPedal","True","22732","1","0","94,35","51,11","23","544","0","0","0"
"2026-08-06T20:34:27.3386923+02:00","82,467","LMU Overlay","True","8524","8","5,456","578,27","403,31","246","3898","4","4","123,23"
"2026-08-06T20:34:27.3475574+02:00","82,476","TinyPedal","True","22732","1","0","94,35","51,11","23","544","0","0","0"
"2026-08-06T20:34:28.3597488+02:00","83,488","LMU Overlay","True","8524","8","5,644","578,75","402,45","246","3900","4","4","124,39"
"2026-08-06T20:34:28.3716232+02:00","83,5","TinyPedal","True","22732","1","0,095","94,35","51,11","23","544","0","0","0"
"2026-08-06T20:34:29.3753193+02:00","84,503","LMU Overlay","True","8524","8","4,817","579,02","402,55","246","3898","4","4","122,57"
"2026-08-06T20:34:29.3843351+02:00","84,512","TinyPedal","True","22732","1","0,965","94,35","51,11","23","545","0","0","0"
"2026-08-06T20:34:30.3812607+02:00","85,509","LMU Overlay","True","8524","8","3,781","579,9","403,62","246","3898","3","3","124,48"
"2026-08-06T20:34:30.3924560+02:00","85,521","TinyPedal","True","22732","1","0","94,35","51,11","23","543","0","0","0"
"2026-08-06T20:34:31.3872870+02:00","86,515","LMU Overlay","True","8524","8","4,95","580,34","403,98","246","3898","4","4","124,49"
"2026-08-06T20:34:31.3974505+02:00","86,525","TinyPedal","True","22732","1","0","94,35","51,11","23","544","0","0","0"
"2026-08-06T20:34:32.3924746+02:00","87,521","LMU Overlay","True","8524","8","3,881","580,55","404,1","246","3899","4","4","124,36"
"2026-08-06T20:34:32.4025093+02:00","87,53","TinyPedal","True","22732","1","0,388","94,35","51,11","23","544","0","0","0"
"2026-08-06T20:34:33.3990187+02:00","88,527","LMU Overlay","True","8524","8","4,859","580,78","404,18","246","3898","4","4","124,27"
"2026-08-06T20:34:33.4065556+02:00","88,535","TinyPedal","True","22732","1","0","94,35","51,11","23","544","0","0","0"
"2026-08-06T20:34:34.4014949+02:00","89,529","LMU Overlay","True","8524","8","3,989","580,62","404,07","246","3898","3","3","124,23"
"2026-08-06T20:34:34.4090280+02:00","89,537","TinyPedal","True","22732","1","0","94,35","51,11","23","544","0","0","0"
"2026-08-06T20:34:35.4065436+02:00","90,535","LMU Overlay","True","8524","8","3,404","580,48","403,95","246","3900","3","3","122,52"
"2026-08-06T20:34:35.4140784+02:00","90,543","TinyPedal","True","22732","1","0","94,35","51,11","23","544","0","0","0"
"2026-08-06T20:34:36.4164482+02:00","91,545","LMU Overlay","True","8524","8","3,479","580,55","403,47","246","3898","4","4","122,39"
"2026-08-06T20:34:36.4255015+02:00","91,554","TinyPedal","True","22732","1","0","94,35","51,11","23","544","0","0","0"
"2026-08-06T20:34:37.4392408+02:00","92,567","LMU Overlay","True","8524","8","3,536","580,59","403,43","246","3900","4","4","122,49"
"2026-08-06T20:34:37.4473042+02:00","92,576","TinyPedal","True","22732","1","0","94,35","51,11","23","544","0","0","0"
"2026-08-06T20:34:38.4287132+02:00","93,557","LMU Overlay","True","8524","8","4,339","580,52","403,38","246","3900","4","4","124,31"
"2026-08-06T20:34:38.4377498+02:00","93,566","TinyPedal","True","22732","1","0","94,35","51,11","23","544","0","0","0"
"2026-08-06T20:34:39.4471045+02:00","94,575","LMU Overlay","True","8524","8","4,429","581,59","405,93","246","3898","4","4","122,83"
"2026-08-06T20:34:39.4576951+02:00","94,585","TinyPedal","True","22732","1","0","94,35","51,11","23","544","0","0","0"
"2026-08-06T20:34:40.4480976+02:00","95,576","LMU Overlay","True","8524","8","4,571","579,51","406,02","243","3892","4","4","124,2"
"2026-08-06T20:34:40.4563735+02:00","95,584","TinyPedal","True","22732","1","0,098","94,35","51,11","23","544","0","0","0"
"2026-08-06T20:34:41.4742053+02:00","96,602","LMU Overlay","True","8524","8","5,728","579,98","408,07","247","3896","3","3","122,72"
"2026-08-06T20:34:41.4838086+02:00","96,611","TinyPedal","True","22732","1","2,568","94,35","51,11","23","544","0","0","0"
"2026-08-06T20:34:42.4650051+02:00","97,593","LMU Overlay","True","8524","8","4,324","579,74","407,77","247","3894","4","4","124,01"
"2026-08-06T20:34:42.4725364+02:00","97,601","TinyPedal","True","22732","1","0,099","94,35","51,11","23","544","0","0","0"
"2026-08-06T20:34:43.4788567+02:00","98,607","LMU Overlay","True","8524","8","4,153","580","407,58","247","3894","4","4","124,58"
"2026-08-06T20:34:43.4878881+02:00","98,616","TinyPedal","True","22732","1","1,155","94,35","51,11","23","543","0","0","0"
"2026-08-06T20:34:44.4911268+02:00","99,619","LMU Overlay","True","8524","8","3,751","580,16","407,74","247","3894","3","3","124,72"
"2026-08-06T20:34:44.4987247+02:00","99,627","TinyPedal","True","22732","1","0","94,35","51,11","23","544","0","0","0"
"2026-08-06T20:34:45.5105193+02:00","100,638","LMU Overlay","True","8524","8","3,064","582,73","408,97","247","3894","3","3","123,3"
"2026-08-06T20:34:45.5226561+02:00","100,65","TinyPedal","True","22732","1","0","94,35","51,11","23","544","0","0","0"
"2026-08-06T20:34:46.5103419+02:00","101,638","LMU Overlay","True","8524","8","3,423","580,81","406,09","247","3896","3","3","124,85"
"2026-08-06T20:34:46.5180523+02:00","101,646","TinyPedal","True","22732","1","0","94,35","51,11","23","544","0","0","0"
"2026-08-06T20:34:47.5311467+02:00","102,659","LMU Overlay","True","8524","8","3,154","581,25","406,33","247","3894","3","3","124,52"
"2026-08-06T20:34:47.5437598+02:00","102,672","TinyPedal","True","22732","1","0,956","94,35","51,11","23","544","0","0","0"
"2026-08-06T20:34:48.5356495+02:00","103,664","LMU Overlay","True","8524","8","3,11","581,43","406,61","247","3894","4","4","125,02"
"2026-08-06T20:34:48.5446945+02:00","103,673","TinyPedal","True","22732","1","0,486","94,35","51,11","23","544","0","0","0"
"2026-08-06T20:34:49.5397002+02:00","104,668","LMU Overlay","True","8524","8","3,502","581,84","408,43","247","3896","4","4","124,91"
"2026-08-06T20:34:49.5477688+02:00","104,676","TinyPedal","True","22732","1","0","94,35","51,11","23","544","0","0","0"
"2026-08-06T20:34:50.5502744+02:00","105,678","LMU Overlay","True","8524","8","4,257","581,52","408,02","247","3896","4","4","124,97"
"2026-08-06T20:34:50.5578066+02:00","105,686","TinyPedal","True","22732","1","0,677","94,35","51,11","23","544","0","0","0"
"2026-08-06T20:34:51.5397677+02:00","106,668","LMU Overlay","True","8524","8","3,746","581,55","407,94","247","3896","4","4","125,04"
"2026-08-06T20:34:51.5478246+02:00","106,676","TinyPedal","True","22732","1","0","94,35","51,11","23","544","0","0","0"
"2026-08-06T20:34:52.5599990+02:00","107,689","LMU Overlay","True","8524","8","4,396","582,2","408,96","247","3896","4","4","123,6"
"2026-08-06T20:34:52.5692422+02:00","107,697","TinyPedal","True","22732","1","0","94,35","51,11","23","544","0","0","0"
"2026-08-06T20:34:53.5620950+02:00","108,69","LMU Overlay","True","8524","8","4,001","582,14","408,73","247","3894","3","3","124,93"
"2026-08-06T20:34:53.5701282+02:00","108,698","TinyPedal","True","22732","1","0","94,35","51,11","23","543","0","0","0"
"2026-08-06T20:34:54.5682905+02:00","109,696","LMU Overlay","True","8524","8","4,951","582,29","408,62","247","3894","4","4","125,14"
"2026-08-06T20:34:54.5754456+02:00","109,703","TinyPedal","True","22732","1","0,291","94,35","51,11","23","544","0","0","0"
"2026-08-06T20:34:55.5858244+02:00","110,714","LMU Overlay","True","8524","8","5,084","582,57","407,86","247","3894","4","4","125,35"
"2026-08-06T20:34:55.5955051+02:00","110,723","TinyPedal","True","22732","1","1,053","94,35","51,11","23","544","0","0","0"
"2026-08-06T20:34:56.5849589+02:00","111,713","LMU Overlay","True","8524","8","5,002","582,5","407,78","247","3896","4","4","125,01"
"2026-08-06T20:34:56.5940203+02:00","111,722","TinyPedal","True","22732","1","0","94,35","51,11","23","544","0","0","0"
"2026-08-06T20:34:57.5812737+02:00","112,71","LMU Overlay","True","8524","8","4,394","582,7","407,97","247","3896","3","3","124,7"
"2026-08-06T20:34:57.5893982+02:00","112,717","TinyPedal","True","22732","1","0","94,35","51,11","23","544","0","0","0"
"2026-08-06T20:34:58.6038130+02:00","113,733","LMU Overlay","True","8524","8","3,928","582,64","408,19","247","3896","4","4","123,12"
"2026-08-06T20:34:58.6138561+02:00","113,741","TinyPedal","True","22732","1","0","94,35","51,11","23","544","0","0","0"
"2026-08-06T20:34:59.6144414+02:00","114,743","LMU Overlay","True","8524","8","3,275","582,48","407,75","247","3894","3","3","123,27"
"2026-08-06T20:34:59.6227337+02:00","114,751","TinyPedal","True","22732","1","0","94,35","51,11","23","544","0","0","0"
"2026-08-06T20:35:00.6316384+02:00","115,759","LMU Overlay","True","8524","8","4,531","582,65","407,84","247","3896","3","3","125,04"
"2026-08-06T20:35:00.6401734+02:00","115,768","TinyPedal","True","22732","1","0","94,35","51,11","23","544","0","0","0"
"2026-08-06T20:35:01.6304708+02:00","116,759","LMU Overlay","True","8524","8","3,02","582,77","408,03","247","3894","3","3","124,27"
"2026-08-06T20:35:01.6391193+02:00","116,767","TinyPedal","True","22732","1","0,293","94,35","51,11","23","544","0","0","0"
"2026-08-06T20:35:02.6442959+02:00","117,773","LMU Overlay","True","8524","8","3,949","582,84","407,82","247","3894","3","3","123,23"
"2026-08-06T20:35:02.6579114+02:00","117,785","TinyPedal","True","22732","1","0","94,35","51,11","23","544","0","0","0"
"2026-08-06T20:35:03.6493688+02:00","118,777","LMU Overlay","True","8524","8","3,693","582,89","408,02","247","3896","4","4","125,04"
"2026-08-06T20:35:03.6569050+02:00","118,785","TinyPedal","True","22732","1","0","94,35","51,11","23","544","0","0","0"
"2026-08-06T20:35:04.6555445+02:00","119,784","LMU Overlay","True","8524","8","4,464","583,08","408,05","247","3896","4","4","124,65"
"2026-08-06T20:35:04.6682053+02:00","119,796","TinyPedal","True","22732","1","0,873","94,35","51,11","23","544","0","0","0"
"2026-08-06T20:35:05.6743242+02:00","120,802","LMU Overlay","True","8524","8","4,028","583,22","408,12","247","3895","3","3","124,46"
"2026-08-06T20:35:05.6829613+02:00","120,81","TinyPedal","True","22732","1","0,575","94,35","51,11","23","544","0","0","0"
"2026-08-06T20:35:06.6778276+02:00","121,805","LMU Overlay","True","8524","8","3,215","583,02","407,88","247","3897","3","3","123,1"
"2026-08-06T20:35:06.6894313+02:00","121,818","TinyPedal","True","22732","1","0","94,35","51,11","23","544","0","0","0"
"2026-08-06T20:35:07.6878630+02:00","122,815","LMU Overlay","True","8524","8","3,573","584,29","409,18","247","3897","4","4","124,5"
"2026-08-06T20:35:07.6966430+02:00","122,824","TinyPedal","True","22732","1","0","94,35","51,11","23","544","0","0","0"
"2026-08-06T20:35:08.6810058+02:00","123,808","LMU Overlay","True","8524","8","4,228","584,39","409,28","247","3895","3","3","124,54"
"2026-08-06T20:35:08.6880940+02:00","123,816","TinyPedal","True","22732","1","0","94,35","51,11","23","544","0","0","0"
"2026-08-06T20:35:09.7004343+02:00","124,828","LMU Overlay","True","8524","8","3,835","584,82","409,84","247","3897","4","4","124,88"
"2026-08-06T20:35:09.7079622+02:00","124,836","TinyPedal","True","22732","1","0","94,35","51,11","23","544","0","0","0"
"2026-08-06T20:35:10.6940461+02:00","125,821","LMU Overlay","True","8524","8","4,421","584,93","409,91","247","3894","3","3","123,1"
"2026-08-06T20:35:10.7016948+02:00","125,83","TinyPedal","True","22732","1","0,59","94,35","51,11","23","544","0","0","0"
"2026-08-06T20:35:11.7131001+02:00","126,84","LMU Overlay","True","8524","8","4,695","585,62","410,7","247","3894","3","3","123,18"
"2026-08-06T20:35:11.7191657+02:00","126,848","TinyPedal","True","22732","1","1,15","94,35","51,11","23","544","0","0","0"
"2026-08-06T20:35:12.7099781+02:00","127,838","LMU Overlay","True","8524","8","4,599","585,92","410,93","247","3894","3","3","124,75"
"2026-08-06T20:35:12.7190652+02:00","127,846","TinyPedal","True","22732","1","0,587","94,34","51,08","22","541","0","0","0"
"2026-08-06T20:35:13.7314406+02:00","128,859","LMU Overlay","True","8524","8","4,614","585,64","410,6","247","3894","3","3","124,47"
"2026-08-06T20:35:13.7401154+02:00","128,868","TinyPedal","True","22732","1","0","94,34","51,08","22","542","0","0","0"
"2026-08-06T20:35:14.7310802+02:00","129,859","LMU Overlay","True","8524","8","3,693","586,01","411,05","247","3894","3","3","124,51"
"2026-08-06T20:35:14.7391458+02:00","129,867","TinyPedal","True","22732","1","0,098","94,34","51,08","22","542","0","0","0"
"2026-08-06T20:35:15.7528699+02:00","130,881","LMU Overlay","True","8524","8","3,839","586,09","411,1","247","3894","3","3","124,52"
"2026-08-06T20:35:15.7620143+02:00","130,89","TinyPedal","True","22732","1","0","94,34","51,08","22","543","0","0","0"
"2026-08-06T20:35:16.7529446+02:00","131,881","LMU Overlay","True","8524","8","3,112","586,19","411,19","247","3894","3","3","124,27"
"2026-08-06T20:35:16.7604699+02:00","131,888","TinyPedal","True","22732","1","0,293","94,34","51,08","22","542","0","0","0"
"2026-08-06T20:35:17.7751007+02:00","132,904","LMU Overlay","True","8524","8","3,451","586,29","411,34","247","3894","3","3","124,38"
"2026-08-06T20:35:17.7841880+02:00","132,912","TinyPedal","True","22732","1","0,191","94,34","51,08","22","542","0","0","0"
"2026-08-06T20:35:18.7542186+02:00","133,882","LMU Overlay","True","8524","8","4,076","585,89","410,93","244","3890","3","3","124,15"
"2026-08-06T20:35:18.7632596+02:00","133,891","TinyPedal","True","22732","1","0","94,34","51,08","22","542","0","0","0"
"2026-08-06T20:35:19.7813455+02:00","134,909","LMU Overlay","True","8524","8","4,393","586,05","410,96","244","3890","3","3","122,66"
"2026-08-06T20:35:19.7929623+02:00","134,921","TinyPedal","True","22732","1","0","94,34","51,08","22","542","0","0","0"
"2026-08-06T20:35:20.7841589+02:00","135,912","LMU Overlay","True","8524","8","4,458","586,12","411,09","244","3891","4","4","122,63"
"2026-08-06T20:35:20.7906865+02:00","135,919","TinyPedal","True","22732","1","1,172","94,34","51,08","22","542","0","0","0"
"2026-08-06T20:35:21.8050702+02:00","136,933","LMU Overlay","True","8524","8","4,305","586,43","411,33","244","3890","3","3","122,73"
"2026-08-06T20:35:21.8166970+02:00","136,945","TinyPedal","True","22732","1","0","94,34","51,08","22","542","0","0","0"
"2026-08-06T20:35:22.8077166+02:00","137,936","LMU Overlay","True","8524","8","4,383","586,4","409,97","244","3892","3","3","122,56"
"2026-08-06T20:35:22.8172115+02:00","137,945","TinyPedal","True","22732","1","0","94,28","50,96","18","536","0","0","0"
"2026-08-06T20:35:23.8141190+02:00","138,942","LMU Overlay","True","8524","8","4,076","586,87","410,67","244","3890","4","4","122,73"
"2026-08-06T20:35:23.8297057+02:00","138,958","TinyPedal","True","22732","1","1,067","94,28","50,96","18","536","0","0","0"
"2026-08-06T20:35:24.8055101+02:00","139,933","LMU Overlay","True","8524","8","5,319","587,17","410,9","244","3892","4","4","124,09"
"2026-08-06T20:35:24.8145650+02:00","139,942","TinyPedal","True","22732","1","1,48","94,28","50,96","18","536","0","0","0"
"2026-08-06T20:35:25.8360316+02:00","140,963","LMU Overlay","True","8524","8","4,558","588,4","412,07","244","3892","4","4","122,73"
"2026-08-06T20:35:25.8441195+02:00","140,972","TinyPedal","True","22732","1","0","94,28","50,96","18","536","0","0","0"
"2026-08-06T20:35:26.8184236+02:00","141,946","LMU Overlay","True","8524","8","4,367","588,2","411,65","244","3892","3","3","123,45"
"2026-08-06T20:35:26.8269599+02:00","141,954","TinyPedal","True","22732","1","0","94,28","50,96","18","536","0","0","0"
"2026-08-06T20:35:27.8329534+02:00","142,961","LMU Overlay","True","8524","8","4,232","588,62","412,09","244","3890","4","4","121,36"
"2026-08-06T20:35:27.8430572+02:00","142,971","TinyPedal","True","22732","1","0","94,28","50,96","18","536","0","0","0"
"2026-08-06T20:35:28.8331686+02:00","143,961","LMU Overlay","True","8524","8","3,716","588,99","412,27","244","3890","4","4","123,24"
"2026-08-06T20:35:28.8406976+02:00","143,969","TinyPedal","True","22732","1","0,195","94,28","50,96","18","536","0","0","0"
"2026-08-06T20:35:29.8631106+02:00","144,991","LMU Overlay","True","8524","8","2,935","589,66","413,16","244","3890","1","1","120,66"
"2026-08-06T20:35:29.8701708+02:00","144,999","TinyPedal","True","22732","1","0,949","94,28","50,96","18","536","0","0","0"
"2026-08-06T20:35:30.8702001+02:00","145,998","LMU Overlay","True","8524","8","1,654","589,71","413,12","244","3890","0","0","120,65"
"2026-08-06T20:35:30.8777264+02:00","146,006","TinyPedal","True","22732","1","0","94,28","50,96","18","536","0","0","0"
"2026-08-06T20:35:31.8525883+02:00","146,981","LMU Overlay","True","8524","8","1,385","589,87","413,2","244","3890","0","0","118,61"
"2026-08-06T20:35:31.8601233+02:00","146,988","TinyPedal","True","22732","1","0,099","94,28","50,96","18","536","0","0","0"
"2026-08-06T20:35:32.8930439+02:00","148,021","LMU Overlay","True","8524","8","0,944","590,02","411,98","244","3890","0","0","44,69"
"2026-08-06T20:35:32.9017100+02:00","148,03","TinyPedal","True","22732","1","1,313","94,28","50,96","18","536","0","0","0"
"2026-08-06T20:35:33.9051108+02:00","149,033","LMU Overlay","True","8524","8","1,632","590,42","411,14","244","3890","0","0","44,89"
"2026-08-06T20:35:33.9131670+02:00","149,041","TinyPedal","True","22732","1","0,386","94,28","50,96","18","536","0","0","0"
"2026-08-06T20:35:34.9081169+02:00","150,036","LMU Overlay","True","8524","8","0,586","589,88","396,35","243","3889","0","0","44,89"
"2026-08-06T20:35:34.9181525+02:00","150,046","TinyPedal","True","22732","1","1,556","94,28","50,96","18","536","0","0","0"
"2026-08-06T20:35:35.9222680+02:00","151,05","LMU Overlay","True","8524","8","0,865","590,15","336,41","243","3889","0","0","45,24"
"2026-08-06T20:35:35.9297959+02:00","151,058","TinyPedal","True","22732","1","1,543","94,28","50,96","18","536","0","0","0"
"2026-08-06T20:35:36.9244232+02:00","152,052","LMU Overlay","True","8524","8","0,586","589,29","335,25","243","3889","0","0","45,3"
"2026-08-06T20:35:36.9329943+02:00","152,061","TinyPedal","True","22732","1","2,24","94,28","50,96","18","536","0","0","0"
"2026-08-06T20:35:37.9254050+02:00","153,053","LMU Overlay","True","8524","8","0,68","588,25","334,07","243","3889","0","0","45,36"
"2026-08-06T20:35:37.9345123+02:00","153,062","TinyPedal","True","22732","1","0","94,28","50,96","18","536","0","0","0"
"2026-08-06T20:35:38.9442500+02:00","154,072","LMU Overlay","True","8524","8","0,671","587,79","333,83","243","3889","0","0","45,36"
"2026-08-06T20:35:38.9575159+02:00","154,085","TinyPedal","True","22732","1","0","94,28","50,96","18","536","0","0","0"
"2026-08-06T20:35:39.9552821+02:00","155,084","LMU Overlay","True","8524","8","1,255","588,1","334,24","243","3889","0","0","44,99"
"2026-08-06T20:35:39.9643795+02:00","155,092","TinyPedal","True","22732","1","0,772","94,28","50,96","18","537","0","0","0"
"2026-08-06T20:35:40.9842110+02:00","156,112","LMU Overlay","True","8524","8","0,857","589,4","335,42","241","3889","0","0","45,02"
"2026-08-06T20:35:40.9978047+02:00","156,125","TinyPedal","True","22732","1","0","94,28","50,96","18","536","0","0","0"
"2026-08-06T20:35:41.9785974+02:00","157,107","LMU Overlay","True","8524","8","0,88","558,28","303,71","243","3889","0","0","45,19"
"2026-08-06T20:35:41.9875924+02:00","157,116","TinyPedal","True","22732","1","0","94,28","50,96","18","536","0","0","0"
"2026-08-06T20:35:42.9669679+02:00","158,094","LMU Overlay","True","8524","8","1,187","558,27","303,85","243","3889","0","0","45,19"
"2026-08-06T20:35:42.9730057+02:00","158,102","TinyPedal","True","22732","1","0,594","94,28","50,96","18","536","0","0","0"
"2026-08-06T20:35:43.9907872+02:00","159,118","LMU Overlay","True","8524","8","1,051","558,11","303,89","243","3889","0","0","45,75"
"2026-08-06T20:35:44.0003791+02:00","159,128","TinyPedal","True","22732","1","0,095","94,28","50,96","18","536","0","0","0"
"2026-08-06T20:35:44.9795055+02:00","160,108","LMU Overlay","True","8524","8","0,592","558,31","304,22","243","3889","0","0","46,04"
"2026-08-06T20:35:44.9871429+02:00","160,116","TinyPedal","True","22732","1","0","94,28","50,96","18","536","0","0","0"
"2026-08-06T20:35:45.9897977+02:00","161,118","LMU Overlay","True","8524","8","0,58","558,02","303,73","243","3889","0","0","46,04"
"2026-08-06T20:35:45.9978612+02:00","161,125","TinyPedal","True","22732","1","0,773","94,28","50,96","18","537","0","0","0"
"2026-08-06T20:35:46.9947665+02:00","162,123","LMU Overlay","True","8524","8","0,876","558,24","303,98","243","3889","0","0","46,04"
"2026-08-06T20:35:47.0028494+02:00","162,13","TinyPedal","True","22732","1","0,389","94,28","50,96","18","536","0","0","0"
"2026-08-06T20:35:48.0018730+02:00","163,13","LMU Overlay","True","8524","8","0,389","557,43","303,09","243","3889","0","0","45,47"
"2026-08-06T20:35:48.0093991+02:00","163,138","TinyPedal","True","22732","1","0,097","94,28","50,96","18","536","0","0","0"
"2026-08-06T20:35:49.0042919+02:00","164,132","LMU Overlay","True","8524","8","0,486","558,61","304,19","243","3889","0","0","46,55"
"2026-08-06T20:35:49.0118937+02:00","164,139","TinyPedal","True","22732","1","0,098","94,28","50,96","18","536","0","0","0"
"2026-08-06T20:35:50.0103846+02:00","165,138","LMU Overlay","True","8524","8","1,363","559,83","305,73","243","3889","1","1","45,25"
"2026-08-06T20:35:50.0179149+02:00","165,146","TinyPedal","True","22732","1","0","94,28","50,96","18","537","0","0","0"
"2026-08-06T20:35:51.0137361+02:00","166,141","LMU Overlay","True","8524","8","0,679","560,79","306,64","243","3889","0","0","45,25"
"2026-08-06T20:35:51.0207684+02:00","166,149","TinyPedal","True","22732","1","0","94,28","50,96","18","536","0","0","0"
"2026-08-06T20:35:52.0390570+02:00","167,167","LMU Overlay","True","8524","8","0,974","561,39","307,25","243","3889","0","0","45,35"
"2026-08-06T20:35:52.0481621+02:00","167,176","TinyPedal","True","22732","1","1,236","94,28","50,96","18","536","0","0","0"
"2026-08-06T20:35:53.0219930+02:00","168,149","LMU Overlay","True","8524","8","1,166","561,68","307,46","243","3889","0","0","45,69"
"2026-08-06T20:35:53.0300952+02:00","168,158","TinyPedal","True","22732","1","0,597","94,28","50,96","18","536","0","0","0"
"2026-08-06T20:35:54.0398724+02:00","169,168","LMU Overlay","True","8524","8","1,058","561,65","307,59","243","3889","0","0","45,69"
"2026-08-06T20:35:54.0479411+02:00","169,176","TinyPedal","True","22732","1","0","94,28","50,96","18","536","0","0","0"
"2026-08-06T20:35:55.0511885+02:00","170,179","LMU Overlay","True","8524","8","0,962","560,77","306,66","243","3889","0","0","45,69"
"2026-08-06T20:35:55.0573632+02:00","170,186","TinyPedal","True","22732","1","0","94,28","50,96","18","536","0","0","0"
"2026-08-06T20:35:56.0515877+02:00","171,179","LMU Overlay","True","8524","8","0,88","560,5","306,39","243","3889","0","0","45,69"
"2026-08-06T20:35:56.0621201+02:00","171,19","TinyPedal","True","22732","1","0","94,28","50,96","18","536","0","0","0"
"2026-08-06T20:35:57.0658691+02:00","172,193","LMU Overlay","True","8524","8","0,962","561,73","307,56","243","3889","0","0","45,52"
"2026-08-06T20:35:57.0733993+02:00","172,201","TinyPedal","True","22732","1","0,096","94,28","50,96","18","536","0","0","0"
"2026-08-06T20:35:58.0712927+02:00","173,199","LMU Overlay","True","8524","8","0,583","562,7","308,55","243","3889","0","0","45,97"
"2026-08-06T20:35:58.0823954+02:00","173,21","TinyPedal","True","22732","1","0","94,28","50,96","18","536","0","0","0"
"2026-08-06T20:35:59.0771515+02:00","174,205","LMU Overlay","True","8524","8","1,551","563,19","309,08","243","3889","0","0","46,24"
"2026-08-06T20:35:59.0862969+02:00","174,214","TinyPedal","True","22732","1","0,194","94,28","50,96","18","536","0","0","0"
"2026-08-06T20:36:00.0811785+02:00","175,209","LMU Overlay","True","8524","8","1,17","563,44","309,17","243","3889","0","0","46,8"
"2026-08-06T20:36:00.0887054+02:00","175,217","TinyPedal","True","22732","1","0","94,28","50,96","18","536","0","0","0"
"2026-08-06T20:36:01.1047360+02:00","176,232","LMU Overlay","True","8524","8","0,763","563,77","309,55","243","3889","0","0","46,08"
"2026-08-06T20:36:01.1132704+02:00","176,241","TinyPedal","True","22732","1","0","94,28","50,96","18","536","0","0","0"
"2026-08-06T20:36:02.1119295+02:00","177,24","LMU Overlay","True","8524","8","0,775","564,67","310,3","243","3889","0","0","45,69"
"2026-08-06T20:36:02.1199496+02:00","177,247","TinyPedal","True","22732","1","1,067","94,28","50,96","18","536","0","0","0"
"2026-08-06T20:36:03.1528823+02:00","178,281","LMU Overlay","True","8524","8","0,563","564,73","310,48","243","3889","0","0","45,79"
"2026-08-06T20:36:03.1599318+02:00","178,288","TinyPedal","True","22732","1","0,094","94,28","50,96","18","536","0","0","0"
"2026-08-06T20:36:04.1345432+02:00","179,263","LMU Overlay","True","8524","8","0,199","564,66","310,6","243","3889","0","0","45,79"
"2026-08-06T20:36:04.1425985+02:00","179,27","TinyPedal","True","22732","1","0,696","94,28","50,96","18","536","0","0","0"
"2026-08-06T20:36:05.1596104+02:00","180,287","LMU Overlay","True","8524","8","1,048","564,9","310,69","243","3889","0","0","45,86"
"2026-08-06T20:36:05.1671742+02:00","180,295","TinyPedal","True","22732","1","0,095","94,28","50,96","18","536","0","0","0"
"2026-08-06T20:36:06.1784199+02:00","181,307","LMU Overlay","True","8524","8","0,383","564,98","310,88","243","3889","0","0","45,22"
"2026-08-06T20:36:06.1874601+02:00","181,315","TinyPedal","True","22732","1","0","94,28","50,96","18","536","0","0","0"
"2026-08-06T20:36:07.1713956+02:00","182,3","LMU Overlay","True","8524","8","0,691","564,56","310,37","243","3889","0","0","45,3"
"2026-08-06T20:36:07.1804349+02:00","182,308","TinyPedal","True","22732","1","0","94,28","50,96","18","536","0","0","0"
"2026-08-06T20:36:08.1874466+02:00","183,315","LMU Overlay","True","8524","8","1,15","563,48","309,32","243","3891","0","0","45,41"
"2026-08-06T20:36:08.1949835+02:00","183,323","TinyPedal","True","22732","1","0,77","94,28","50,96","18","536","0","0","0"
"2026-08-06T20:36:09.1969955+02:00","184,325","LMU Overlay","True","8524","8","0,875","563,53","309,31","243","3889","0","0","45,69"
"2026-08-06T20:36:09.2045232+02:00","184,333","TinyPedal","True","22732","1","0","94,28","50,96","18","535","0","0","0"
"2026-08-06T20:36:10.1862941+02:00","185,314","LMU Overlay","True","8524","8","1,18","563,5","309,53","243","3889","1","1","45,69"
"2026-08-06T20:36:10.1948979+02:00","185,323","TinyPedal","True","22732","1","0","94,28","50,96","18","536","0","0","0"
"2026-08-06T20:36:11.1900328+02:00","186,318","LMU Overlay","True","8524","8","0,78","563,67","309,62","242","3889","0","0","45,97"
"2026-08-06T20:36:11.1996413+02:00","186,327","TinyPedal","True","22732","1","1,653","94,28","50,96","18","536","0","0","0"
"2026-08-06T20:36:12.1949709+02:00","187,323","LMU Overlay","True","8524","8","1,357","564,87","310,8","243","3889","1","1","45,58"
"2026-08-06T20:36:12.2046101+02:00","187,332","TinyPedal","True","22732","1","0","94,28","50,96","18","536","0","0","0"
"2026-08-06T20:36:13.2134817+02:00","188,342","LMU Overlay","True","8524","8","0,863","564,92","310,8","243","3889","0","0","45,58"
"2026-08-06T20:36:13.2256394+02:00","188,354","TinyPedal","True","22732","1","0","94,28","50,96","18","536","0","0","0"
"2026-08-06T20:36:14.2167215+02:00","189,344","LMU Overlay","True","8524","8","0,974","564,43","310,09","243","3889","0","0","45,67"
"2026-08-06T20:36:14.2247131+02:00","189,352","TinyPedal","True","22732","1","0,487","94,28","50,96","18","536","0","0","0"
"2026-08-06T20:36:15.2098363+02:00","190,338","LMU Overlay","True","8524","8","0,196","564,73","310,55","243","3889","0","0","46,03"
"2026-08-06T20:36:15.2220362+02:00","190,349","TinyPedal","True","22732","1","0,59","94,28","50,96","18","536","0","0","0"
"2026-08-06T20:36:16.2107854+02:00","191,338","LMU Overlay","True","8524","8","1,171","565","311,46","243","3889","0","0","46,03"
"2026-08-06T20:36:16.2177772+02:00","191,346","TinyPedal","True","22732","1","0","94,28","50,96","18","536","0","0","0"
"2026-08-06T20:36:17.2456663+02:00","192,373","LMU Overlay","True","8524","8","0,566","565,36","311,56","243","3888","0","0","45,64"
"2026-08-06T20:36:17.2542728+02:00","192,382","TinyPedal","True","22732","1","0,189","94,28","50,96","18","536","0","0","0"
"2026-08-06T20:36:18.2530238+02:00","193,381","LMU Overlay","True","8524","8","1,164","565,12","311,33","243","3889","0","0","45,64"
"2026-08-06T20:36:18.2631016+02:00","193,391","TinyPedal","True","22732","1","1,839","94,28","50,96","18","537","0","0","0"
"2026-08-06T20:36:19.2521219+02:00","194,38","LMU Overlay","True","8524","8","0,391","565,15","311,36","243","3889","0","0","45,64"
"2026-08-06T20:36:19.2622412+02:00","194,39","TinyPedal","True","22732","1","0,587","94,28","50,96","18","536","0","0","0"
"2026-08-06T20:36:20.2749493+02:00","195,403","LMU Overlay","True","8524","8","1,049","565,02","311,2","243","3889","0","0","45,75"
"2026-08-06T20:36:20.2835593+02:00","195,411","TinyPedal","True","22732","1","0","94,28","50,96","18","535","0","0","0"
"2026-08-06T20:36:21.2545918+02:00","196,382","LMU Overlay","True","8524","8","0,698","566,07","312,18","243","3889","0","0","45,92"
"2026-08-06T20:36:21.2621257+02:00","196,39","TinyPedal","True","22732","1","0","94,28","50,96","18","536","0","0","0"
"2026-08-06T20:36:22.2649606+02:00","197,393","LMU Overlay","True","8524","8","1,257","566,04","312,1","243","3889","0","0","45,58"
"2026-08-06T20:36:22.2725355+02:00","197,4","TinyPedal","True","22732","1","0","94,28","50,96","18","536","0","0","0"
"2026-08-06T20:36:23.2588972+02:00","198,387","LMU Overlay","True","8524","8","0,49","566,27","312,25","243","3889","0","0","45,75"
"2026-08-06T20:36:23.2665128+02:00","198,395","TinyPedal","True","22732","1","0","94,28","50,96","18","536","0","0","0"
"2026-08-06T20:36:24.2772076+02:00","199,405","LMU Overlay","True","8524","8","0,577","566,26","311,91","243","3889","0","0","45,75"
"2026-08-06T20:36:24.2847437+02:00","199,413","TinyPedal","True","22732","1","0,096","94,28","50,96","18","536","0","0","0"
"2026-08-06T20:36:25.2751248+02:00","200,402","LMU Overlay","True","8524","8","0,782","566,35","311,83","241","3885","0","0","45,75"
"2026-08-06T20:36:25.2836520+02:00","200,411","TinyPedal","True","22732","1","0","94,28","50,96","18","536","0","0","0"
"2026-08-06T20:36:26.2861551+02:00","201,415","LMU Overlay","True","8524","8","0,968","566,58","311,96","241","3885","0","0","45,47"
"2026-08-06T20:36:26.2950057+02:00","201,423","TinyPedal","True","22732","1","0,097","94,28","50,96","18","536","0","0","0"
"2026-08-06T20:36:27.2840146+02:00","202,412","LMU Overlay","True","8524","8","1,171","566,82","312,05","241","3885","0","0","45,58"
"2026-08-06T20:36:27.2925847+02:00","202,42","TinyPedal","True","22732","1","0","94,28","50,96","18","536","0","0","0"
"2026-08-06T20:36:28.3072338+02:00","203,435","LMU Overlay","True","8524","8","1,82","566,37","311,59","241","3885","0","0","45,58"
"2026-08-06T20:36:28.3147690+02:00","203,442","TinyPedal","True","22732","1","0","94,28","50,96","18","536","0","0","0"
"2026-08-06T20:36:29.3081034+02:00","204,436","LMU Overlay","True","8524","8","1,555","566,39","311,61","241","3885","0","0","45,58"
"2026-08-06T20:36:29.3156783+02:00","204,443","TinyPedal","True","22732","1","0,195","94,28","50,96","18","536","0","0","0"
"2026-08-06T20:36:30.3275693+02:00","205,455","LMU Overlay","True","8524","8","0,575","566,87","312,12","241","3885","0","0","45,75"
"2026-08-06T20:36:30.3402009+02:00","205,468","TinyPedal","True","22732","1","0,572","94,28","50,96","18","536","0","0","0"
"2026-08-06T20:36:31.3399111+02:00","206,467","LMU Overlay","True","8524","8","0,772","567","312,17","241","3885","1","1","45,75"
"2026-08-06T20:36:31.3475924+02:00","206,476","TinyPedal","True","22732","1","0","94,28","50,96","18","536","0","0","0"
"2026-08-06T20:36:32.3451555+02:00","207,472","LMU Overlay","True","8524","8","0,389","566,86","312,01","241","3885","0","0","45,47"
"2026-08-06T20:36:32.3562736+02:00","207,484","TinyPedal","True","22732","1","0,973","94,28","50,96","18","536","0","0","0"
"2026-08-06T20:36:33.3529383+02:00","208,481","LMU Overlay","True","8524","8","0,484","566,92","312,07","241","3885","1","1","45,47"
"2026-08-06T20:36:33.3610475+02:00","208,489","TinyPedal","True","22732","1","0","94,28","50,96","18","536","0","0","0"
"2026-08-06T20:36:34.3630179+02:00","209,49","LMU Overlay","True","8524","8","0,677","560,02","305,25","241","3885","0","0","45,47"
"2026-08-06T20:36:34.3705882+02:00","209,499","TinyPedal","True","22732","1","0,097","94,28","50,96","18","536","0","0","0"
"2026-08-06T20:36:35.3862717+02:00","210,514","LMU Overlay","True","8524","8","0,955","559,92","305,2","241","3884","0","0","45,58"
"2026-08-06T20:36:35.3953102+02:00","210,523","TinyPedal","True","22732","1","0","94,28","50,96","18","536","0","0","0"
"2026-08-06T20:36:36.3750989+02:00","211,503","LMU Overlay","True","8524","8","0,493","560,32","305,52","241","3885","0","0","45,75"
"2026-08-06T20:36:36.3831641+02:00","211,512","TinyPedal","True","22732","1","0,593","94,28","50,96","18","536","0","0","0"
"2026-08-06T20:36:37.3952009+02:00","212,523","LMU Overlay","True","8524","8","1,15","560,39","305,56","241","3885","0","0","45,75"
"2026-08-06T20:36:37.4027672+02:00","212,531","TinyPedal","True","22732","1","0","94,28","50,96","18","536","0","0","0"
"2026-08-06T20:36:38.3860825+02:00","213,515","LMU Overlay","True","8524","8","0,886","560,41","305,52","241","3886","0","0","45,39"
"2026-08-06T20:36:38.3951090+02:00","213,523","TinyPedal","True","22732","1","0","94,28","50,96","18","536","0","0","0"
"2026-08-06T20:36:39.3931008+02:00","214,521","LMU Overlay","True","8524","8","0,485","560,52","305,54","241","3885","0","0","45,46"
"2026-08-06T20:36:39.4001572+02:00","214,529","TinyPedal","True","22732","1","0,291","94,28","50,96","18","536","0","0","0"
"2026-08-06T20:36:40.4024013+02:00","215,531","LMU Overlay","True","8524","8","0,484","560,52","305,6","239","3885","0","0","45,58"
"2026-08-06T20:36:40.4114377+02:00","215,539","TinyPedal","True","22732","1","0,387","94,28","50,96","18","536","0","0","0"
"2026-08-06T20:36:41.4088326+02:00","216,536","LMU Overlay","True","8524","8","0,683","560,68","306,36","241","3885","0","0","45,58"
"2026-08-06T20:36:41.4163595+02:00","216,544","TinyPedal","True","22732","1","0","94,28","50,96","18","536","0","0","0"
"2026-08-06T20:36:42.4089605+02:00","217,537","LMU Overlay","True","8524","8","0,875","560,85","306,31","241","3885","0","0","45,58"
"2026-08-06T20:36:42.4166026+02:00","217,545","TinyPedal","True","22732","1","0,488","94,28","50,96","18","536","0","0","0"
"2026-08-06T20:36:43.4128201+02:00","218,541","LMU Overlay","True","8524","8","0,683","561","306,66","241","3885","0","0","45,66"
"2026-08-06T20:36:43.4208951+02:00","218,549","TinyPedal","True","22732","1","0,195","94,28","50,96","18","536","0","0","0"
"2026-08-06T20:36:44.4213280+02:00","219,549","LMU Overlay","True","8524","8","0,869","560,73","306,41","241","3885","0","0","45,66"
"2026-08-06T20:36:44.4277940+02:00","219,556","TinyPedal","True","22732","1","0","94,28","50,96","18","536","0","0","0"
"2026-08-06T20:36:45.4338321+02:00","220,562","LMU Overlay","True","8524","8","1,355","560,28","305,76","241","3885","0","0","45,66"
"2026-08-06T20:36:45.4413619+02:00","220,569","TinyPedal","True","22732","1","0","94,28","50,96","18","536","0","0","0"
"2026-08-06T20:36:46.4301700+02:00","221,558","LMU Overlay","True","8524","8","0,586","560,25","305,8","241","3885","0","0","45,66"
"2026-08-06T20:36:46.4362385+02:00","221,565","TinyPedal","True","22732","1","0","94,28","50,96","18","536","0","0","0"
"2026-08-06T20:36:47.4529218+02:00","222,581","LMU Overlay","True","8524","8","0,574","561,92","307,5","241","3885","0","0","45,38"
"2026-08-06T20:36:47.4650450+02:00","222,592","TinyPedal","True","22732","1","0","94,28","50,96","18","536","0","0","0"
"2026-08-06T20:36:48.4708730+02:00","223,598","LMU Overlay","True","8524","8","1,056","562,22","307,66","241","3885","0","0","46,32"
"2026-08-06T20:36:48.4799247+02:00","223,608","TinyPedal","True","22732","1","0,192","94,28","50,96","18","536","0","0","0"
"2026-08-06T20:36:49.4745826+02:00","224,602","LMU Overlay","True","8524","8","0,583","561,94","307,2","241","3885","0","0","46,18"
"2026-08-06T20:36:49.4867379+02:00","224,614","TinyPedal","True","22732","1","0","94,28","50,96","18","536","0","0","0"
"2026-08-06T20:36:50.4780014+02:00","225,606","LMU Overlay","True","8524","8","0,877","561,82","307,11","241","3885","0","0","46,18"
"2026-08-06T20:36:50.4866394+02:00","225,614","TinyPedal","True","22732","1","0","94,28","50,96","18","536","0","0","0"
"2026-08-06T20:36:51.4750326+02:00","226,604","LMU Overlay","True","8524","8","1,173","562,21","307,72","241","3885","0","0","46,47"
"2026-08-06T20:36:51.4836268+02:00","226,612","TinyPedal","True","22732","1","0","94,28","50,96","18","536","0","0","0"
"2026-08-06T20:36:52.4787620+02:00","227,607","LMU Overlay","True","8524","8","0,487","562,36","308,09","241","3885","0","0","46,47"
"2026-08-06T20:36:52.4862955+02:00","227,615","TinyPedal","True","22732","1","0","94,28","50,96","18","536","0","0","0"
"2026-08-06T20:36:53.4889340+02:00","228,618","LMU Overlay","True","8524","8","0,87","563,3","308,99","241","3885","0","0","45,83"
"2026-08-06T20:36:53.4981227+02:00","228,626","TinyPedal","True","22732","1","0,676","94,28","50,96","18","536","0","0","0"
"2026-08-06T20:36:54.5100828+02:00","229,639","LMU Overlay","True","8524","8","0,955","563,99","309,78","241","3885","0","0","45,83"
"2026-08-06T20:36:54.5191818+02:00","229,647","TinyPedal","True","22732","1","0,191","94,28","50,96","18","536","0","0","0"
"2026-08-06T20:36:55.5040436+02:00","230,632","LMU Overlay","True","8524","8","2,067","563,82","309,62","241","3885","0","0","45,93"
"2026-08-06T20:36:55.5125988+02:00","230,64","TinyPedal","True","22732","1","0,492","94,28","50,96","18","536","0","0","0"
"2026-08-06T20:36:56.5133167+02:00","231,642","LMU Overlay","True","8524","8","1,161","563,8","310,18","241","3885","1","1","45,83"
"2026-08-06T20:36:56.5203951+02:00","231,648","TinyPedal","True","22732","1","0","94,28","50,96","18","536","0","0","0"
"2026-08-06T20:36:57.5137000+02:00","232,642","LMU Overlay","True","8524","8","0,879","563,86","310,16","241","3885","0","0","45,83"
"2026-08-06T20:36:57.5207505+02:00","232,649","TinyPedal","True","22732","1","0","94,28","50,96","18","536","0","0","0"
"2026-08-06T20:36:58.5443839+02:00","233,673","LMU Overlay","True","8524","8","0,855","563,98","310,38","241","3885","1","1","45,64"
"2026-08-06T20:36:58.5526075+02:00","233,681","TinyPedal","True","22732","1","0","94,28","50,96","18","536","0","0","0"
"2026-08-06T20:36:59.5618112+02:00","234,691","LMU Overlay","True","8524","8","0,383","563,82","310,36","241","3885","0","0","45,64"
"2026-08-06T20:36:59.5709640+02:00","234,699","TinyPedal","True","22732","1","0","94,28","50,96","18","536","0","0","0"
"2026-08-06T20:37:00.5485604+02:00","235,676","LMU Overlay","True","8524","8","1,291","564,06","310,41","241","3885","0","0","45,82"
"2026-08-06T20:37:00.5571725+02:00","235,685","TinyPedal","True","22732","1","0","94,28","50,96","18","536","0","0","0"
"2026-08-06T20:37:01.5538506+02:00","236,683","LMU Overlay","True","8524","8","0,967","563,35","309,74","241","3885","0","0","46,1"
"2026-08-06T20:37:01.5609281+02:00","236,689","TinyPedal","True","22732","1","0,291","94,28","50,96","18","536","0","0","0"
"2026-08-06T20:37:02.5638866+02:00","237,692","LMU Overlay","True","8524","8","1,36","563,12","309,88","241","3885","0","0","45,99"
"2026-08-06T20:37:02.5730634+02:00","237,701","TinyPedal","True","22732","1","0,097","94,28","50,96","18","536","0","0","0"
"2026-08-06T20:37:03.5969072+02:00","238,725","LMU Overlay","True","8524","8","1,226","563,42","310,34","241","3887","0","0","45,99"
"2026-08-06T20:37:03.6044332+02:00","238,733","TinyPedal","True","22732","1","0,473","94,28","50,96","18","536","0","0","0"
"2026-08-06T20:37:04.5951083+02:00","239,723","LMU Overlay","True","8524","8","1,272","564,62","311,47","241","3885","0","0","45,53"
"2026-08-06T20:37:04.6067669+02:00","239,735","TinyPedal","True","22732","1","0","94,28","50,96","18","536","0","0","0"
"2026-08-06T20:37:05.5988066+02:00","240,726","LMU Overlay","True","8524","8","1,072","564,67","312,1","241","3885","1","1","46,53"
"2026-08-06T20:37:05.6068079+02:00","240,735","TinyPedal","True","22732","1","0","94,29","50,96","18","536","0","0","0"
"2026-08-06T20:37:06.6090598+02:00","241,737","LMU Overlay","True","8524","8","3,381","566,03","388,61","241","3885","0","0","122,5"
"2026-08-06T20:37:06.6217054+02:00","241,75","TinyPedal","True","22732","1","0","94,29","50,96","18","536","0","0","0"
"2026-08-06T20:37:07.6403104+02:00","242,768","LMU Overlay","True","8524","8","0,851","566,18","388,76","241","3885","0","0","121,16"
"2026-08-06T20:37:07.6490301+02:00","242,776","TinyPedal","True","22732","1","0,189","94,29","50,96","18","536","0","0","0"
"2026-08-06T20:37:08.6311179+02:00","243,759","LMU Overlay","True","8524","8","1,085","566,02","389,84","241","3887","0","0","119,81"
"2026-08-06T20:37:08.6427159+02:00","243,771","TinyPedal","True","22732","1","0,394","94,29","50,96","18","536","0","0","0"
"2026-08-06T20:37:09.6528234+02:00","244,781","LMU Overlay","True","8524","8","0,765","566,2","389,83","241","3885","0","0","105,55"
"2026-08-06T20:37:09.6620045+02:00","244,79","TinyPedal","True","22732","1","0,095","94,29","50,96","18","536","0","0","0"
"2026-08-06T20:37:10.6566415+02:00","245,784","LMU Overlay","True","8524","8","1,363","566,19","389,56","239","3885","1","1","118,39"
"2026-08-06T20:37:10.6637125+02:00","245,792","TinyPedal","True","22732","1","0,974","94,29","50,96","18","536","0","0","0"
"2026-08-06T20:37:11.6626227+02:00","246,79","LMU Overlay","True","8524","8","1,067","566,2","387,95","241","3885","0","0","105,96"
"2026-08-06T20:37:11.6691460+02:00","246,798","TinyPedal","True","22732","1","0","94,29","50,96","18","536","0","0","0"
"2026-08-06T20:37:12.6566898+02:00","247,785","LMU Overlay","True","8524","8","0,982","565,9","386,9","241","3887","0","0","45,3"
"2026-08-06T20:37:12.6637791+02:00","247,792","TinyPedal","True","22732","1","0,786","94,29","50,96","18","536","0","0","0"
"2026-08-06T20:37:13.6702871+02:00","248,798","LMU Overlay","True","8524","8","0,482","566,03","385,46","241","3885","0","0","45,37"
"2026-08-06T20:37:13.6783210+02:00","248,807","TinyPedal","True","22732","1","0,578","94,29","50,96","18","536","0","0","0"
"2026-08-06T20:37:14.6727808+02:00","249,801","LMU Overlay","True","8524","8","0,877","566,46","445,92","241","3885","0","0","118,24"
"2026-08-06T20:37:14.6803073+02:00","249,809","TinyPedal","True","22732","1","1,072","94,29","50,96","18","536","0","0","0"
"2026-08-06T20:37:15.6929674+02:00","250,82","LMU Overlay","True","8524","8","0,672","566,71","446,12","241","3885","0","0","104,8"
"2026-08-06T20:37:15.7004961+02:00","250,828","TinyPedal","True","22732","1","0,383","94,29","50,96","18","536","0","0","0"
"2026-08-06T20:37:16.6853665+02:00","251,813","LMU Overlay","True","8524","8","0,687","567,27","447,1","241","3885","0","0","44,39"
"2026-08-06T20:37:16.6913928+02:00","251,82","TinyPedal","True","22732","1","0","94,29","50,96","18","536","0","0","0"
"2026-08-06T20:37:17.6949370+02:00","252,822","LMU Overlay","True","8524","8","0,777","567,24","387,08","241","3886","0","0","44,56"
"2026-08-06T20:37:17.7029953+02:00","252,831","TinyPedal","True","22732","1","0,387","94,29","50,96","18","536","0","0","0"
"2026-08-06T20:37:18.7140029+02:00","253,842","LMU Overlay","True","8524","8","1,144","567,73","434,02","241","3885","0","0","119,73"
"2026-08-06T20:37:18.7215316+02:00","253,849","TinyPedal","True","22732","1","0","94,29","50,96","18","536","0","0","0"
"2026-08-06T20:37:19.7203851+02:00","254,848","LMU Overlay","True","8524","8","1,276","569","435,32","241","3887","0","0","122,5"
"2026-08-06T20:37:19.7280203+02:00","254,856","TinyPedal","True","22732","1","0","94,29","50,96","18","536","0","0","0"
"2026-08-06T20:37:20.7256545+02:00","255,853","LMU Overlay","True","8524","8","0,674","569,57","436,09","241","3885","0","0","119,7"
"2026-08-06T20:37:20.7337363+02:00","255,862","TinyPedal","True","22732","1","0","94,29","50,96","18","536","0","0","0"
"2026-08-06T20:37:21.7182133+02:00","256,846","LMU Overlay","True","8524","8","1,182","569,89","436,42","241","3885","0","0","120,75"
"2026-08-06T20:37:21.7303057+02:00","256,858","TinyPedal","True","22732","1","0,392","94,29","50,96","18","536","0","0","0"
"2026-08-06T20:37:22.7366225+02:00","257,865","LMU Overlay","True","8524","8","0,766","569,62","436,12","241","3885","0","0","119,1"
"2026-08-06T20:37:22.7441569+02:00","257,872","TinyPedal","True","22732","1","0,096","94,29","50,96","18","536","0","0","0"
"2026-08-06T20:37:23.7428056+02:00","258,871","LMU Overlay","True","8524","8","0,971","569,7","393,52","241","3885","0","0","104,55"
"2026-08-06T20:37:23.7541504+02:00","258,883","TinyPedal","True","22732","1","0","94,29","50,96","18","536","0","0","0"
"2026-08-06T20:37:24.7594189+02:00","259,888","LMU Overlay","True","8524","8","0,576","569,44","393,23","241","3885","0","0","44,63"
"2026-08-06T20:37:24.7679625+02:00","259,895","TinyPedal","True","22732","1","0","94,29","50,96","18","536","0","0","0"
"2026-08-06T20:37:25.7727737+02:00","260,901","LMU Overlay","True","8524","8","1,544","569,43","393,08","241","3885","0","0","44,88"
"2026-08-06T20:37:25.7844170+02:00","260,912","TinyPedal","True","22732","1","0,193","94,29","50,96","18","536","0","0","0"
"2026-08-06T20:37:26.7764304+02:00","261,904","LMU Overlay","True","8524","8","0,292","569,52","453,17","241","3885","0","0","118,06"
"2026-08-06T20:37:26.7849950+02:00","261,913","TinyPedal","True","22732","1","0","94,29","50,96","18","536","0","0","0"
"2026-08-06T20:37:27.7982706+02:00","262,926","LMU Overlay","True","8524","8","2,388","569,59","453,3","241","3885","0","0","118,38"
"2026-08-06T20:37:27.8068067+02:00","262,934","TinyPedal","True","22732","1","0,096","94,29","50,96","18","536","0","0","0"
"2026-08-06T20:37:28.8014581+02:00","263,93","LMU Overlay","True","8524","8","0,292","568,36","452","241","3885","0","0","104,52"
"2026-08-06T20:37:28.8094557+02:00","263,937","TinyPedal","True","22732","1","0,097","94,29","50,96","18","536","0","0","0"
"2026-08-06T20:37:29.8156813+02:00","264,943","LMU Overlay","True","8524","8","0,963","569,61","453,3","241","3885","0","0","120,98"
"2026-08-06T20:37:29.8242788+02:00","264,952","TinyPedal","True","22732","1","0","94,29","50,96","18","536","0","0","0"
"2026-08-06T20:37:30.8255853+02:00","265,953","LMU Overlay","True","8524","8","1,257","569,69","453,26","241","3885","0","0","120,53"
"2026-08-06T20:37:30.8331179+02:00","265,961","TinyPedal","True","22732","1","0","94,29","50,96","18","536","0","0","0"
"2026-08-06T20:37:31.8157558+02:00","266,943","LMU Overlay","True","8524","8","1,184","569,86","453,3","241","3885","0","0","105,42"
"2026-08-06T20:37:31.8217777+02:00","266,951","TinyPedal","True","22732","1","0,493","94,29","50,96","18","536","0","0","0"
"2026-08-06T20:37:32.8282443+02:00","267,957","LMU Overlay","True","8524","8","0,869","569,37","452,53","240","3881","0","0","45,35"
"2026-08-06T20:37:32.8363277+02:00","267,964","TinyPedal","True","22732","1","0,193","94,29","50,96","18","536","0","0","0"
"2026-08-06T20:37:33.8314335+02:00","268,959","LMU Overlay","True","8524","8","0,972","569,43","452,5","240","3881","0","0","45,35"
"2026-08-06T20:37:33.8394949+02:00","268,967","TinyPedal","True","22732","1","0","94,29","50,96","18","536","0","0","0"
"2026-08-06T20:37:34.8388781+02:00","269,966","LMU Overlay","True","8524","8","0,777","570,59","512,48","240","3881","0","0","119,81"
"2026-08-06T20:37:34.8469065+02:00","269,974","TinyPedal","True","22732","1","0,097","94,29","50,96","18","536","0","0","0"
"2026-08-06T20:37:35.8546925+02:00","270,982","LMU Overlay","True","8524","8","0,767","570,61","512,48","240","3881","0","0","104,67"
"2026-08-06T20:37:35.8617869+02:00","270,991","TinyPedal","True","22732","1","0,096","94,29","50,96","18","536","0","0","0"
"2026-08-06T20:37:36.8763117+02:00","272,005","LMU Overlay","True","8524","8","1,246","570,25","511,81","240","3880","0","0","119,44"
"2026-08-06T20:37:36.8853450+02:00","272,013","TinyPedal","True","22732","1","0,764","94,29","50,96","18","536","0","0","0"
"2026-08-06T20:37:37.8802845+02:00","273,008","LMU Overlay","True","8524","8","0,388","569,76","511,03","240","3881","0","0","106,05"
"2026-08-06T20:37:37.8888247+02:00","273,017","TinyPedal","True","22732","1","0,681","94,29","50,96","18","536","0","0","0"
"2026-08-06T20:37:38.8891184+02:00","274,017","LMU Overlay","True","8524","8","0,971","569,53","510,95","240","3881","0","0","45,62"
"2026-08-06T20:37:38.8979751+02:00","274,026","TinyPedal","True","22732","1","0","94,29","50,96","18","536","0","0","0"
"2026-08-06T20:37:39.9083519+02:00","275,036","LMU Overlay","True","8524","8","0,955","569,55","391,05","240","3881","0","0","45,62"
"2026-08-06T20:37:39.9154159+02:00","275,043","TinyPedal","True","22732","1","0,096","94,29","50,96","18","536","0","0","0"
"2026-08-06T20:37:40.9032990+02:00","276,031","LMU Overlay","True","8524","8","1,178","569,65","375,51","238","3881","0","0","45,62"
"2026-08-06T20:37:40.9143730+02:00","276,043","TinyPedal","True","22732","1","0,098","94,29","50,96","18","536","0","0","0"
"2026-08-06T20:37:41.9219444+02:00","277,05","LMU Overlay","True","8524","8","1,053","569,65","315,54","241","3887","0","0","45,9"
"2026-08-06T20:37:41.9305239+02:00","277,058","TinyPedal","True","22732","1","0,288","94,29","50,96","18","536","0","0","0"
"2026-08-06T20:37:42.9147698+02:00","278,042","LMU Overlay","True","8524","8","0,492","569,53","315,4","241","3885","0","0","45,9"
"2026-08-06T20:37:42.9268455+02:00","278,054","TinyPedal","True","22732","1","0,098","94,29","50,96","18","536","0","0","0"
"2026-08-06T20:37:43.9269412+02:00","279,054","LMU Overlay","True","8524","8","0,58","571,06","394,12","241","3885","0","0","120,36"
"2026-08-06T20:37:43.9355477+02:00","279,064","TinyPedal","True","22732","1","0,096","94,29","50,96","18","536","0","0","0"
"2026-08-06T20:37:44.9372358+02:00","280,065","LMU Overlay","True","8524","8","1,063","571,44","395,96","241","3887","0","0","120,53"
"2026-08-06T20:37:44.9457716+02:00","280,073","TinyPedal","True","22732","1","0","94,29","50,96","18","536","0","0","0"
"2026-08-06T20:37:45.9479710+02:00","281,076","LMU Overlay","True","8524","8","0,869","571,44","395,92","241","3885","0","0","118,89"
"2026-08-06T20:37:45.9555052+02:00","281,083","TinyPedal","True","22732","1","0,097","94,29","50,96","18","536","0","0","0"
"2026-08-06T20:37:46.9532622+02:00","282,081","LMU Overlay","True","8524","8","0,778","570,49","394,95","241","3885","0","0","120,07"
"2026-08-06T20:37:46.9617957+02:00","282,09","TinyPedal","True","22732","1","1,747","94,29","50,96","18","536","0","0","0"
"2026-08-06T20:37:47.9657976+02:00","283,094","LMU Overlay","True","8524","8","1,06","570,72","395,32","241","3885","0","0","118,66"
"2026-08-06T20:37:47.9733395+02:00","283,101","TinyPedal","True","22732","1","0","94,29","50,96","18","536","0","0","0"
"2026-08-06T20:37:48.9697371+02:00","284,098","LMU Overlay","True","8524","8","0,682","570,95","395,4","241","3885","0","0","104,66"
"2026-08-06T20:37:48.9788961+02:00","284,107","TinyPedal","True","22732","1","0,194","94,29","50,96","18","536","0","0","0"
"2026-08-06T20:37:49.9905670+02:00","285,119","LMU Overlay","True","8524","8","1,342","570,88","392,27","241","3885","0","0","45,89"
"2026-08-06T20:37:49.9989292+02:00","285,128","TinyPedal","True","22732","1","0,478","94,29","50,96","18","536","0","0","0"
"2026-08-06T20:37:50.9865060+02:00","286,115","LMU Overlay","True","8524","8","0,976","570,65","392,02","241","3885","0","0","45,89"
"2026-08-06T20:37:50.9955432+02:00","286,124","TinyPedal","True","22732","1","0","94,29","50,96","18","536","0","0","0"
"2026-08-06T20:37:52.0094999+02:00","287,137","LMU Overlay","True","8524","8","0,574","570,68","376,32","241","3887","0","0","45,89"
"2026-08-06T20:37:52.0171798+02:00","287,145","TinyPedal","True","22732","1","0,096","94,29","50,96","18","536","0","0","0"
"2026-08-06T20:37:53.0120494+02:00","288,14","LMU Overlay","True","8524","8","1,07","570,75","316,48","241","3885","0","0","45,89"
"2026-08-06T20:37:53.0202946+02:00","288,148","TinyPedal","True","22732","1","0","94,29","50,96","18","536","0","0","0"
"2026-08-06T20:37:54.0156328+02:00","289,144","LMU Overlay","True","8524","8","0,195","571","316,65","241","3885","0","0","44,71"
"2026-08-06T20:37:54.0237098+02:00","289,151","TinyPedal","True","22732","1","0,195","94,29","50,96","18","536","0","0","0"
"2026-08-06T20:37:55.0312089+02:00","290,159","LMU Overlay","True","8524","8","1,054","570,9","316,48","241","3885","0","0","44,86"
"2026-08-06T20:37:55.0392577+02:00","290,167","TinyPedal","True","22732","1","0,289","94,29","50,96","18","536","0","0","0"
"2026-08-06T20:37:56.0405400+02:00","291,168","LMU Overlay","True","8524","8","0,679","570,5","316,29","241","3885","0","0","45,25"
"2026-08-06T20:37:56.0485489+02:00","291,177","TinyPedal","True","22732","1","0","94,29","50,96","18","536","0","0","0"
"2026-08-06T20:37:57.0297252+02:00","292,157","LMU Overlay","True","8524","8","0,983","570,52","316,36","241","3885","0","0","45,32"
"2026-08-06T20:37:57.0383104+02:00","292,166","TinyPedal","True","22732","1","0,099","94,29","50,96","18","536","0","0","0"
"2026-08-06T20:37:58.0306688+02:00","293,159","LMU Overlay","True","8524","8","1,562","571,32","394,03","241","3885","0","0","120,75"
"2026-08-06T20:37:58.0434618+02:00","293,171","TinyPedal","True","22732","1","2,038","94,29","50,96","18","536","0","0","0"
"2026-08-06T20:37:59.0537418+02:00","294,182","LMU Overlay","True","8524","8","0,669","571,27","393,92","241","3885","0","0","118,43"
"2026-08-06T20:37:59.0612717+02:00","294,19","TinyPedal","True","22732","1","0,576","94,29","50,96","18","536","0","0","0"
"2026-08-06T20:38:00.0538773+02:00","295,181","LMU Overlay","True","8524","8","0,488","571,48","394,25","241","3885","0","0","104,95"
"2026-08-06T20:38:00.0660115+02:00","295,193","TinyPedal","True","22732","1","0","94,29","50,96","18","536","0","0","0"
"2026-08-06T20:38:01.0585074+02:00","296,187","LMU Overlay","True","8524","8","0,971","571,46","393,81","241","3885","0","0","45,99"
"2026-08-06T20:38:01.0655626+02:00","296,194","TinyPedal","True","22732","1","0","94,29","50,96","18","536","0","0","0"
"2026-08-06T20:38:02.0632457+02:00","297,191","LMU Overlay","True","8524","8","0,778","571,51","393,81","241","3885","0","0","45,99"
"2026-08-06T20:38:02.0707791+02:00","297,198","TinyPedal","True","22732","1","0,389","94,29","50,96","18","536","0","0","0"
"2026-08-06T20:38:03.0706950+02:00","298,199","LMU Overlay","True","8524","8","1,261","571,16","379,52","241","3885","0","0","45,99"
"2026-08-06T20:38:03.0797327+02:00","298,208","TinyPedal","True","22732","1","0,968","94,29","50,96","18","536","0","0","0"
"2026-08-06T20:38:04.0744549+02:00","299,202","LMU Overlay","True","8524","8","0,584","572,15","319,47","241","3885","0","0","47,34"
"2026-08-06T20:38:04.0830520+02:00","299,211","TinyPedal","True","22732","1","0,195","94,29","50,96","18","536","0","0","0"
"2026-08-06T20:38:05.0909574+02:00","300,219","LMU Overlay","True","8524","8","1,344","572,67","395,21","241","3885","0","0","119,74"
"2026-08-06T20:38:05.0988081+02:00","300,227","TinyPedal","True","22732","1","0","94,3","51,21","18","536","0","0","0"
